[
  {
    "firstName": "Mahesh",
    "lastName": "Reddy",
    "state": "Andhra",
    "city": "Darbhagudem"
  },

  {
    "firstName": "lokesh",
    "lastName": "Am",
    "state": "TamiNadu",
    "city": "vellore"
  },

  {
    "firstName": "rajeev",
    "lastName": "koneti",
    "state": "Hyderabad",
    "city": "Hyderabad"
  },

  {
    "firstName": "Pradeep",
    "lastName": "Baratam",
    "state": "Andhra",
    "city": "Srikakulam"
  },

  {
    "firstName": "Srikantha",
    "lastName": "reddy",
    "state": "Andhra",
    "city": "jangareddygudem"
  },

  {
    "firstName": "Hari",
    "lastName": "Babu",
    "state": "telangana",
    "city": "Hyderabad"
  },

  {
    "firstName": "Manok",
    "lastName": "Kumar Reddy",
    "state": "maharashtra",
    "city": "Pune"
  },
  {
    "firstName": "chandu",
    "lastName": "roy",
    "state": "delhi",
    "city": "delhi"
  }



]